dimension,group,count,total,source
occupation,Công nhân,80,492,https://baucuquochoi.vn/quoc-hoi-khoa-vi-quyet-dinh-nhung-van-de-hang-dau-trong-thoi-ky-phat-trien-moi-post7407.html
occupation,Nông dân,100,492,https://baucuquochoi.vn/quoc-hoi-khoa-vi-quyet-dinh-nhung-van-de-hang-dau-trong-thoi-ky-phat-trien-moi-post7407.html
occupation,Thợ thủ công,6,492,https://baucuquochoi.vn/quoc-hoi-khoa-vi-quyet-dinh-nhung-van-de-hang-dau-trong-thoi-ky-phat-trien-moi-post7407.html
occupation,Quân nhân,54,492,https://baucuquochoi.vn/quoc-hoi-khoa-vi-quyet-dinh-nhung-van-de-hang-dau-trong-thoi-ky-phat-trien-moi-post7407.html
occupation,Cán bộ chính trị,141,492,https://baucuquochoi.vn/quoc-hoi-khoa-vi-quyet-dinh-nhung-van-de-hang-dau-trong-thoi-ky-phat-trien-moi-post7407.html
occupation,Trí thức và nhân sĩ,98,492,https://baucuquochoi.vn/quoc-hoi-khoa-vi-quyet-dinh-nhung-van-de-hang-dau-trong-thoi-ky-phat-trien-moi-post7407.html
occupation,Đại biểu tôn giáo,13,492,https://baucuquochoi.vn/quoc-hoi-khoa-vi-quyet-dinh-nhung-van-de-hang-dau-trong-thoi-ky-phat-trien-moi-post7407.html
gender,Đại biểu nữ,132,492,https://baucuquochoi.vn/quoc-hoi-khoa-vi-quyet-dinh-nhung-van-de-hang-dau-trong-thoi-ky-phat-trien-moi-post7407.html
ethnicity,Đại biểu dân tộc thiểu số,67,492,https://baucuquochoi.vn/quoc-hoi-khoa-vi-quyet-dinh-nhung-van-de-hang-dau-trong-thoi-ky-phat-trien-moi-post7407.html
age,Đại biểu tuổi 20–30,58,492,https://baucuquochoi.vn/quoc-hoi-khoa-vi-quyet-dinh-nhung-van-de-hang-dau-trong-thoi-ky-phat-trien-moi-post7407.html
